name,email,address,birth_date
Adrianna Larson,larson-adrianna@gmail.com,7502 Upper Beaver Creek Road,1997-07-21
Alfonzo Casper,casper-alfonzo@yahoo.com,25591 Clare Road,1997-09-21
Alfonzo Monahan,alfonzo.monahan@yahoo.com,104 Broken Bow Road,1998-01-14
Alicia Runolfsdottir,runolfsdottir.alicia@yahoo.com,2705 East Townline Road,1997-09-08
Allan Runolfsson,runolfsson-allan@gmail.com,8880 County Road 9850,1999-10-16
Alphonso Quigley,alphonso-quigley@yahoo.com,33430 Danver Trail,1997-04-20
Alverta Reilly,reilly.alverta@yahoo.com,101 U.S. 385,1997-06-30
Amanda Mosciski,amanda-mosciski@yahoo.com,601-999 Center Street,1997-02-06
Anais Ward,ward.anais@gmail.com,5816-5894 280th Street,1999-10-16
Andreane Spinka,spinka.andreane@yahoo.com,1501 Beaumont Centre Lane,1998-07-09
Andrew Carroll,andrew-carroll@gmail.com,6275 County Road 33,1998-12-18
Andy Mills,mills-andy@hotmail.com,8306 Jefferson Highway,1998-03-17
Andy Skiles,andy-skiles@yahoo.com,3963 Carter Road,1997-05-24
Angela Botsford,angela-botsford@hotmail.com,2002-2078 North J Road,1999-07-17
Arch Simonis,arch-simonis@hotmail.com,651 Cole Road,1997-07-08
Arnoldo Cronin,cronin.arnoldo@gmail.com,509 Roberts Terrace,2000-03-29
Augustine Runolfsdottir,runolfsdottir.augustine@gmail.com,521-599 Louisiana 27,1997-06-10
Bell Fritsch,fritsch-bell@hotmail.com,1358-1398 Ida Avenue,1999-07-07
Bernadette Brown,brown-bernadette@yahoo.com,5007 Wesley Chapel Road,1997-12-17
Bernardo Dietrich,dietrich-bernardo@gmail.com,9699 Kingrey Road,1997-03-13
Berneice White,white.berneice@gmail.com,1400-1598 South Roosevelt Road 13,1999-07-03
Bernita Volkman,volkman-bernita@hotmail.com,29675 Komsolmol Street,1998-03-04
Bertrand Romaguera,romaguera.bertrand@gmail.com,258 Opal Road,2000-02-14
Blake Jast,jast.blake@hotmail.com,637 Dry Valley Road Northeast,1997-04-06
Blaze Barrows,blaze.barrows@hotmail.com,1100 Happy Top Road,1998-03-09
Breanne Schiller,breanne-schiller@gmail.com,2 Site 7,1999-03-01
Brice Stark,stark.brice@gmail.com,23694 Sumac Avenue,1999-10-07
Brooks Shields,brooks.shields@gmail.com,13546 Fields-Denio Road,2000-01-30
Brown Blick,brown-blick@hotmail.com,3151 Lashley Road,1998-12-04
Bryon Lakin,bryon.lakin@gmail.com,3680 Carroll Ulmer Road,1999-07-14
Burnice Daugherty,daugherty-burnice@gmail.com,4957-4963 Dowd Road,1999-10-11
Carroll Kohler,carroll.kohler@hotmail.com,4251-4389 485th Avenue,1999-03-19
Cathrine Langosh,langosh.cathrine@gmail.com,1095 Buxton Road,1999-05-06
Cecelia Rolfson,rolfson-cecelia@gmail.com,1871 Buck Creek Road,1999-01-03
Celestino Bernhard,celestino-bernhard@yahoo.com,8797-8799 43rd Street Southwest,2000-02-19
Charity Quitzon,quitzon.charity@yahoo.com,17600 Flemmings Road,2000-01-06
Colt Leuschke,leuschke-colt@hotmail.com,26200 62nd Street Southwest,1997-04-23
Cornelius Bogisich,cornelius-bogisich@hotmail.com,344 County Highway 13,1999-04-05
Cristian Pouros,pouros-cristian@hotmail.com,14256 Dahlstein Road,1998-09-11
Dahlia Turner,turner.dahlia@yahoo.com,24100-24998 423rd Avenue,1997-03-30
Danyka Kunze,danyka.kunze@hotmail.com,755 Cades Lane,1997-08-25
Darryl Stanton,darryl-stanton@gmail.com,1086 Tongue River Road,1997-01-06
Dave Lesch,lesch-dave@yahoo.com,6945 County Road P,1999-01-22
Delilah Stoltenberg,delilah-stoltenberg@yahoo.com,1725 300th Street,1997-01-18
Delores Kuhlman,delores.kuhlman@gmail.com,2551 Storment Road,1997-04-06
Demetris Hauck,demetris.hauck@hotmail.com,1016 Piketown Road,1997-05-06
Demetrius Nikolaus,demetrius-nikolaus@yahoo.com,166 Bessie,1997-12-22
Dolly Bernhard,bernhard-dolly@gmail.com,1-1245 Lee Road 146,1997-08-13
Doris Fadel,fadel-doris@hotmail.com,1099 East Wildwood Drive,2000-03-24
Ebba Christiansen,christiansen.ebba@gmail.com,30011 Covey Road,1999-02-10
Edmund Adams,edmund-adams@gmail.com,139 Hans Creek Road,1997-10-18
Edyth Emard,edyth-emard@yahoo.com,2160 U.S. 77,1997-11-30
Efrain Spencer,spencer.efrain@gmail.com,155 Penrose Lane,1998-08-16
Eino Cronin,eino.cronin@gmail.com,725 Woodlawn Street,1998-04-03
Eldon Herman,eldon.herman@yahoo.com,59001-62733 Huerfano Meter Station Road,1997-06-23
Eliza Anderson,anderson-eliza@hotmail.com,2001-2099 County Road 500 North,1997-07-21
Ellie Oberbrunner,ellie-oberbrunner@yahoo.com,164 Frogtown Estate,1999-05-28
Elton Streich,streich.elton@hotmail.com,35 Stone Bridge Way,1999-07-20
Emerson O'Keefe,emerson-o-keefe@gmail.com,339 Maxwell Hill Road,1999-07-13
Eryn Glover,glover-eryn@gmail.com,321 Magnolia,1997-08-11
Eudora Greenholt,greenholt.eudora@gmail.com,24455 Korpal Valley Road,2000-03-31
Evelyn Weissnat,weissnat.evelyn@yahoo.com,470 South Broad Street,1997-09-22
Ferne Tremblay,tremblay-ferne@yahoo.com,1343 Davenport Road,1998-05-06
Flavio Thompson,flavio.thompson@gmail.com,32000-32486 195th Avenue,1997-02-14
Floyd Lehner,floyd.lehner@hotmail.com,27107-27539 Chimney Rock Road,2000-02-07
Foster Marks,foster-marks@yahoo.com,35498 Arizona 77,1999-01-11
Franco Sauer,sauer-franco@yahoo.com,15587 U.S. 50,1997-02-28
Freddie Wisoky,freddie.wisoky@gmail.com,4816-4820 30th Avenue,2000-02-12
Fred Mueller,mueller-fred@hotmail.com,2225 FM 2848,1999-07-05
Freeda Swaniawski,freeda.swaniawski@hotmail.com,1002 Condon Grove Lane,1998-04-13
Gabrielle Kohler,gabrielle.kohler@yahoo.com,10000 CR 835,1998-10-08
Gianni Hansen,gianni-hansen@yahoo.com,850-898 North 200 East Road,1998-01-27
Gideon Conn,conn-gideon@yahoo.com,6626-7298 Long Grove Road,1997-09-06
Gino Johnston,gino.johnston@yahoo.com,9241 County Road 10 Southeast,1998-04-26
Greta McClure,mcclure.greta@yahoo.com,4081-4157 McKeown Lake Road Northwest,1998-10-25
Gunner Graham,gunner.graham@gmail.com,4002 Yale Bridge Road,1997-09-12
Haleigh Funk,funk.haleigh@gmail.com,365 Hickory Hill Road,1997-09-13
Halie Berge,berge-halie@hotmail.com,535 Turkey Creek Road,1999-07-18
Halle Lueilwitz,halle.lueilwitz@yahoo.com,2479 Gun Club Road,1997-09-08
Haylie Johns,johns-haylie@hotmail.com,12508-12998 County Road 22,1999-07-17
Henriette O'Connell,connell-o-henriette@yahoo.com,1703-1825 Banbury Drive,1997-01-21
Holden Huel,holden.huel@gmail.com,3358-3366 Harrington Drive,2000-03-06
Horace Schowalter,horace.schowalter@gmail.com,30716 Greenfield Road,1999-09-13
Hulda Greenfelder,greenfelder-hulda@gmail.com,115 Tatley Road,1997-09-04
Isadore Homenick,isadore.homenick@hotmail.com,1026 Pine Gap Drive,1999-09-01
Ivory Ebert,ebert.ivory@gmail.com,481 South Churchtown Road,1997-11-21
Jairo Schiller,schiller.jairo@yahoo.com,177-183 Antioch-Shiloh Road,1999-06-21
Jalon Brakus,jalon-brakus@hotmail.com,955-1163 V-20 C,1998-08-02
Jamel Parisian,jamel.parisian@gmail.com,4645-4653 North Black Rock Place,1999-03-20
Janae Bahringer,janae.bahringer@yahoo.com,112-208 Coalfield Road,1997-08-23
Jana Hilll,jana-hilll@yahoo.com,173 Bear Creek Road,2000-04-01
Javier Strosin,javier.strosin@gmail.com,823 West Travertine Way,1997-02-24
Jaylon Stokes,stokes.jaylon@yahoo.com,7393-7999 East 1300th Road,1998-02-28
Jayson Flatley,flatley.jayson@yahoo.com,3201-4915 North Indian Bluff Road,1997-11-02
Jean Zulauf,jean.zulauf@yahoo.com,7922 Lincoln Avenue Extension,1999-08-31
Jeffry Grimes,jeffry-grimes@hotmail.com,N10010 Mack Lake Road,1997-09-24
Jenifer Aufderhar,jenifer.aufderhar@yahoo.com,134-372 Armitage Road,1999-08-06
Jennings Ferry,jennings.ferry@gmail.com,304 Warren Avenue,1997-11-25
Jerel Miller,jerel.miller@yahoo.com,S11780 County Road B,1999-08-02
Jorge Bins,jorge.bins@gmail.com,3000-3914 Road 151,1998-03-04
Josh Schimmel,josh-schimmel@gmail.com,18576-19008 Long Parkway Road,1997-02-24
Juanita Altenwerth,juanita-altenwerth@hotmail.com,568 Pine Crest Road,1998-07-15
Judd Hickle,judd-hickle@gmail.com,5-31 290th Avenue,1998-05-02
Jude Reinger,reinger.jude@yahoo.com,1903 2nd Street,1998-12-24
Juliet Hermiston,juliet.hermiston@hotmail.com,485 West Union Street,1998-05-07
Justina Kassulke,kassulke.justina@hotmail.com,3312 National Forest Development Road 215,1997-01-28
Kamille Bartell,kamille-bartell@gmail.com,1961 540th Avenue,1999-08-08
Karine Mante,karine.mante@gmail.com,18315 Brenridge Drive,1997-03-25
Kaya Yundt,yundt.kaya@yahoo.com,1700-1794 East 2800N Road,1998-08-17
Kayley Klein,kayley.klein@hotmail.com,5674 Old Ridge Trail,1998-03-01
Kirk Harber,harber.kirk@yahoo.com,11100 Heather Lane,1999-10-01
Kirsten Corkery,corkery-kirsten@hotmail.com,459 Ricketts Drive,1999-10-14
Kirsten Reichel,reichel.kirsten@yahoo.com,7346 West 400 North,1998-02-11
Kristoffer Blanda,kristoffer.blanda@yahoo.com,6478 Southridge Road,1998-08-15
Krystel Boyle,krystel.boyle@yahoo.com,818 State Highway 116 South,1999-01-25
Lacey Dickinson,lacey.dickinson@hotmail.com,321 County Road 549,2000-03-31
Laura Hills,laura.hills@gmail.com,106 Spruce Lane,1999-05-21
Lavern Boyle,lavern.boyle@hotmail.com,11843 U.S. 212,1999-02-21
Lazaro Luettgen,lazaro.luettgen@yahoo.com,7 Homestead Lane,1998-01-15
Leda Hammes,leda-hammes@gmail.com,5331 116th Avenue Southwest,1998-07-28
Leonardo Fahey,fahey.leonardo@hotmail.com,1076 Heritage Road,1999-09-05
Letha Koss,koss.letha@hotmail.com,443 Fairview Heights Drive,1999-08-12
Lexi Adams,lexi.adams@hotmail.com,23600 County Road 181,1999-04-26
Lexie Lakin,lakin-lexie@yahoo.com,1652 County Road 2000 North,1999-11-19
Lila Roob,roob-lila@gmail.com,2993 Arkansas 249,1998-06-02
Lila Von,von.lila@hotmail.com,151-299 North 500 East Road,1998-08-31
Lilly Harber,lilly.harber@yahoo.com,25940-27498 Stockton Corners Road,1997-08-08
Linnea Dickens,linnea.dickens@gmail.com,308 Baughman Road,1997-08-31
Lionel Stoltenberg,lionel.stoltenberg@yahoo.com,2191-2497 Allen-Beulah Road,1998-07-03
Lola Ritchie,ritchie-lola@hotmail.com,1444 Tahoe Avenue,1997-01-17
Loren Roob,loren-roob@gmail.com,869 25th Avenue Southwest,1997-03-03
Loren Weimann,loren-weimann@yahoo.com,14400-14498 377th Avenue,1997-07-28
Loy Gleichner,loy.gleichner@yahoo.com,1217 Gosser Ridge Road,1998-05-04
Lucinda Schmeler,schmeler-lucinda@hotmail.com,15200 State Highway 116,1998-01-23
Mabel Ward,ward.mabel@gmail.com,21766 East 1750 North Road,2000-01-01
Mack Lakin,lakin-mack@hotmail.com,3169 Brannens Bridge Road,1998-09-15
Maeve Bernier,maeve-bernier@gmail.com,1200-1298 North Benzel Road,1998-03-12
Makayla Ondricka,makayla.ondricka@hotmail.com,17701-17799 69th Street Southeast,1998-02-11
Manley Bogan,bogan-manley@gmail.com,77367 320th Street,1999-10-19
Marcelina Feest,feest.marcelina@hotmail.com,621 Butler Mill Road,1997-04-09
Marques Koch,koch.marques@yahoo.com,37656 Black Pine Road,1997-02-07
Marta Kuvalis,marta-kuvalis@gmail.com,16073 Fish Lake Road,1997-04-17
Mathilde Weissnat,weissnat.mathilde@hotmail.com,360 Page Road,1999-02-17
Mavis Fisher,fisher.mavis@yahoo.com,46756 229th Street,1998-03-21
Maxie Rogahn,maxie-rogahn@yahoo.com,101-151 Main Street,1999-04-03
Meaghan Smith,smith-meaghan@yahoo.com,37929 20th Avenue,1998-07-20
Merle Blick,merle.blick@yahoo.com,4989 Foxen Canyon Road,2000-02-19
Mireya Sporer,sporer-mireya@hotmail.com,5300 Rumley Mine Road,1998-10-23
Mohammed Powlowski,powlowski-mohammed@yahoo.com,2630 State Road 13,1999-06-09
Monserrate Hermiston,hermiston.monserrate@hotmail.com,1987 Farm to Market 79,1999-10-13
Murl Keeling,keeling-murl@gmail.com,1019-1299 Louisiana 27,1998-06-15
Myrtle Bahringer,myrtle.bahringer@hotmail.com,1700-1776 175th Street,1999-07-17
Myrtle Johns,johns-myrtle@yahoo.com,1000-1098 7th Road,1999-12-03
Nayeli Becker,nayeli.becker@yahoo.com,164 Rocky Hill Road,1998-05-01
Nichole Funk,funk.nichole@yahoo.com,13623-14999 County Road 127,1999-08-12
Nichole Ledner,ledner-nichole@yahoo.com,1747-1799 120th Street,1998-03-25
Norval Collins,norval-collins@gmail.com,14787 Minnesota 108,1999-08-15
Olen Watsica,watsica-olen@gmail.com,43 Snapper Lane,1997-11-02
Olga Yost,yost.olga@yahoo.com,53 Eisenhart Mill Road,1997-11-04
Opal Herman,herman-opal@hotmail.com,10631 7th Lane,1997-04-03
Paige Miller,miller.paige@gmail.com,2656 Fox Run,1999-02-10
Pearlie Heidenreich,heidenreich.pearlie@hotmail.com,2383 Collinstown Road,1998-01-19
Petra Roob,roob.petra@hotmail.com,1018-1024 Harley Drive,1997-05-06
Quentin Leannon,quentin.leannon@hotmail.com,11821 West Lincoln Avenue,1999-05-18
Ramiro Wehner,wehner.ramiro@gmail.com,7439 Old Federal Road,1998-01-17
Rebeka Wisoky,wisoky-rebeka@hotmail.com,585 Core Creek Landing Road,1997-06-12
Richard Harris,harris.richard@yahoo.com,43701-43745 210th Street,1997-01-14
Ricky Kulas,kulas.ricky@gmail.com,3052-3098 Ridgeway Avenue,2000-02-05
Robin Rohan,rohan-robin@hotmail.com,8970 Michel Lane,2000-03-16
Rogelio Turner,turner.rogelio@yahoo.com,21115 State Highway Ab,1997-01-31
Rogers Bode,bode-rogers@hotmail.com,56503 Paul Road,1997-09-09
Ronaldo Willms,ronaldo.willms@yahoo.com,244 Wesley Road,1997-05-15
Rosina Von,von-rosina@hotmail.com,11422 Deer Creek Highway,1998-09-21
Ruthe Hane,ruthe-hane@hotmail.com,4142-4198 Parrottsville Road,1997-11-20
Ryan O'Keefe,ryan-o-keefe@gmail.com,20890 Florida 64,1999-03-29
Ryder Kunde,kunde-ryder@yahoo.com,8717 Chevallier Drive,1997-11-30
Salvatore Hand,salvatore.hand@yahoo.com,4501 Southwest 97th Street,1999-08-03
Samantha Nolan,nolan.samantha@hotmail.com,1861 Davison Road,1997-06-17
Shirley Okuneva,shirley-okuneva@yahoo.com,201 McBerney Road,1997-12-01
Sigrid Denesik,denesik-sigrid@gmail.com,662-748 County Road 229,1999-11-04
Simone Schaefer,schaefer-simone@gmail.com,5782 South Chippewa Road,1998-10-08
Stella Kshlerin,kshlerin-stella@yahoo.com,1183 State Highway U,1999-03-26
Stewart Marks,stewart.marks@gmail.com,1212 County Road 3900,2000-04-03
Sydney Rempel,rempel.sydney@hotmail.com,180 Unimak Drive,1997-09-26
Tatum Keeling,tatum.keeling@gmail.com,20001-20347 County Road 900 East,1999-05-19
Taurean Wolf,taurean-wolf@gmail.com,11258 570th Avenue,1998-10-10
Theodora Mertz,theodora-mertz@gmail.com,1201-1245 320th Street,1997-06-06
Tressie Boyle,tressie-boyle@hotmail.com,19 EMS B4 Lane,1998-02-02
Tristin Lebsack,lebsack-tristin@yahoo.com,919 Nebraska 4,1997-04-01
Trudie Armstrong,trudie-armstrong@gmail.com,48908 310th Avenue,1997-05-03
Ubaldo Wolf,ubaldo.wolf@gmail.com,2840 Seldom Seen Road,1999-11-21
Una Graham,graham-una@hotmail.com,1564 325th Street,1997-02-13
Vallie Labadie,vallie.labadie@hotmail.com,1062 Kamrin Lane,1997-11-19
Verla Legros,legros-verla@gmail.com,7337 Northwest Ryegrass Road,1998-08-26
Verna Davis,verna.davis@hotmail.com,2821 Grand Coulee Road,1998-04-06
Wilford Bauch,bauch-wilford@gmail.com,21-30 290th Avenue,1998-12-18
Will Kozey,kozey.will@yahoo.com,13149 Tulloch Dam Road,2000-03-01
Winifred Runolfsson,runolfsson.winifred@gmail.com,8301-8355 105th Street Northwest,2000-03-02
Woodrow Hermann,hermann.woodrow@gmail.com,867 East 400 North Road,1999-04-17
